北京捷越联合信息咨询有限公司郴州第一分公司,1
郴州安创仓储服务有限责任公司,1
郴州安哥弟娜服饰有限公司,1
郴州百分之百数码科技有限公司,1
郴州百汇润泽商务咨询有限公司,1
郴州博乐科学技术研究中心,1
郴州博祺商贸有限公司,1
郴州锋尚文化传播有限责任公司,1
郴州福城众体文化体育用品有限公司,1
郴州富邦装饰有限公司,1
郴州和利咨询服务有限公司,1
郴州泓盛科技有限公司,1
郴州泓雨文化传播有限公司,1
郴州华晟物流有限公司,1
郴州环家信息发展有限责任公司,1
郴州介木山瑶家部落生态农业有限公司,1
郴州金洋投资有限公司,1
郴州京科广告策划有限公司,1
郴州力森劳务有限公司,1
郴州林越贸易有限公司,1
郴州隆泽矿业有限公司,1
郴州芈姚伊服装有限公司,1
郴州善亿信息咨询服务有限公司,1
郴州市安旺建筑器材有限公司,1
郴州市安阳机械设备有限公司,1
郴州市百衣百顺电子商务有限公司,1
郴州市保发贸易有限公司,1
郴州市北湖区灵子舞蹈培训中心（卢珍珍）,1
郴州市博大景观亮化工程有限公司,1
郴州市昌德电机修理有限公司,1
郴州市车厘子汽车服务有限公司,1
郴州市郴骏租赁有限公司,1
郴州市创艺行商业投资管理有限公司,1
郴州市慈善博爱艺术品经营管理有限公司,1
郴州市得福电气有限公司,1
郴州市恩特宏云科技有限公司,1
郴州市福虹五金建材经营部,1
郴州市广友广告有限公司,1
郴州市国旅旅行社有限责任公司,1
郴州市国泰商务咨询有限公司,1
郴州市宏强安装工程有限责任公司,1
郴州市鸿泰物流有限责任公司,1
郴州市环球测绘有限责任公司,1
郴州市今天水电智能科技有限公司,1
郴州市金业信息科技有限公司,1
郴州新辉顺元贸易有限公司,1
郴州市聚诚揽胜贸易有限公司,1
郴州市开发区灵子舞蹈培训中心（史华丽）,1
郴州市联贺贸易有限公司,1
郴州市绿意果蔬销售有限责任公司,1
郴州市美泉环保科技有限公司,1
郴州市梦银园珠宝有限公司,1
郴州市名磊景观亮化工程有限公司,1
郴州市耐固防水有限责任公司,1
郴州市纽然贸易有限公司,1
郴州市欧思龙表业有限公司,1
郴州市棋一文化传播有限公司,1
郴州市润泽商务咨询有限公司,1
郴州市盛元网络科技有限公司,1
郴州市小玖物流有限公司,1
郴州市鑫光景观亮化工程有限公司,1
郴州市阳诚科技有限公司,1
郴州市易达物流有限公司,1
郴州市益翔环境卫生服务有限公司,1
郴州市源浩汽车销售有限公司,1
郴州市志存高毅汽车贸易有限公司,1
郴州市忠意搬运装卸服务有限责任公司,1
郴州市自家厨房餐饮有限公司,1
郴州淞耀物业服务有限公司,1
郴州通用围挡租赁有限公司,1
郴州微客网络科技有限公司,1
郴州岩鑫信息咨询服务有限公司,1
郴州益企发贸易有限公司,1
郴州逸星曜影文化教育咨询有限公司,1
郴州盈泰财务咨询有限公司,1
郴州长乐永康养老服务有限公司,1
郴州折桂园艺有限公司,1
郴州众体体育用品有限责任公司,1
郴州众新达文化传媒有限公司,1
湖南郴新生物技术有限公司,1
湖南郴州华众隆源贸易有限公司,1
湖南创力工程技术有限公司郴州分公司,1
湖南高城消防实业有限公司南方分公司,1
湖南勤善信商务咨询有限公司郴州分公司,1
湖南汝神农业科技有限公司,1
湖南润丰源水利技术服务咨询有限公司郴州分公司,1
湖南省华广劳务有限公司,1
湖南省盈天下贸易有限公司,1
湖南天晟石油化工有限公司郴州市北湖区兴宇加油站,1
湖南西瓜吉餐饮有限公司,1
湖南西瓜吉创客联盟有限公司,1
湖南西瓜吉企业管理有限公司,1
郴州子升电子商务有限公司,1
上海一嗨汽车租赁有限公司郴州分公司,1
宜章县天将企业管理咨询有限公司,1
郴州市嘉敬贸易有限公司,1
郴州志诚建筑装饰有限公司,1
郴州市家豪住宅建设有限公司,1
郴州市腾建建筑设备安装有限公司,1
郴州市龙门投资咨询服务有限公司,1
郴州微联网络信息有限公司,1
郴州市洁众保洁服务有限公司,1
广东豫德物业服务发展有限公司郴州分公司,1
郴州市_中月贸易有限公司,1
郴州市迪比鑫电子商务有限公司,1
郴州市琼泰新能源电动汽车租赁有限公司,1
郴州市逆天广告传播有限公司,1
郴州市苏仙区安福殡葬服务有限公司,1
郴州市长旺工程机械有限公司,1
郴州伊莎贝拉文化传播有限责任公司,1
郴州民沃交通事故咨询服务有限公司,1
郴州宇丰装饰有限公司,1
郴州芮湘劳务有限公司,1
郴州市海燕商贸有限公司,1
郴州市蓝天综合物流仓储有限公司,1
桂阳县诚信技术服务有限责任公司,1
郴州市勃爵贸易有限公司,1
郴州东旭建筑有限公司,1
郴州市卡盾服装贸易有限公司,1
郴州市酷雅贸易有限公司,1
郴州市美酷尚服装贸易有限公司,1
郴州米联文化科技有限公司,1
郴州市乐创网络科技有限公司,1
郴州市楚邑文化传播有限公司,1
郴州慧博装饰设计工程有限公司,1
湖南和先农业发展有限公司,1
郴州市卓悦星企业管理咨询有限公司,1
郴州市北湖区田池洞禾花鱼养殖农民专业合作社,1
郴州市福地餐饮管理有限公司,1
郴州市北湖区平康药房,1
郴州市卓慧教育咨询有限公司,1
郴州市净之蓝贸易有限公司,1
郴州柏林家庭服务有限公司,1
中十冶集团有限公司郴州分公司,1
郴州博智文化科技有限公司,1
郴州市思科电子商务有限公司,1
湖南佰佳诚项目管理有限公司,1
湖南鸿达兴现代农业科技开发有限公司,1
湖南至学教育科技有限公司郴州分公司,1
湖南拓天工程项目管理有限公司郴州分公司,1
郴州艾佳美服饰有限公司,1
湖南园冶工程设计有限责任公司,1
郴州达康运输有限公司,1
郴州市易点网络科技有限公司,1
郴州市淘之云电子商务有限公司,1
郴州瑞诚文化传播有限公司,1
郴州自由鸟服装有限公司,1
郴州市_鸿金属回收有限公司,1
郴州多创科技有限公司,1
湖南德福宝电器有限公司,1
郴州创泰科技有限公司,1
郴州雄喜广告有限公司,1
郴州市聚成企业管理咨询有限公司,1
郴州市德大成健康管理有限公司,1
郴州鑫路劳务有限公司,1
郴州市王辉基础建设工程有限公司,1
郴州市铁人泵业有限公司,1
郴州市千群进出口贸易有限公司,1
金世泽信息咨询服务(北京)有限公司郴州分公司,1
湖南飞天山建设工程有限公司,1
郴州市苏永生态农业发展有限公司,1
郴州市晨实装饰有限公司,1
郴州市昊泽贸易有限公司,1
郴州十八珠宝科技有限公司,1
郴州市万达仓储有限责任公司,1
郴州市北湖区红花种植农民专业合作社,1
郴州市舞魅文化传媒有限公司,1
湖南校企助手网络科技有限公司,1
郴州市国安电子科技有限公司,1
郴州云鹭信息技术有限责任公司,1
郴州杰威贸易有限公司,1
郴州市东松体育工程有限责任公司,1
郴州市北湖区竹海堂大药房五岭分店,1
郴州市恩贝儿母婴护理服务有限公司,1
郴州市苏仙区宏基印务部,1
湖南爱无尽婚旅服务有限公司,1
郴州市福鹏网络科技有限公司,1
郴州海川人力资源有限公司,1
郴州中瑞汽车销售有限公司,1
郴州亿鼎矿业有限公司,1
永兴县富兴涂料有限责任公司,1
湖南天绿园林有限公司,1
郴州市畅盈信息技术服务有限公司,1
湖南国君亮贸易有限公司,1
湖南雅晟建设工程有限公司,1
郴州市红太阳光能科技有限公司,1
郴州市悦诚智达汽车销售有限公司,1
湖南舜妃通天玉贸易有限责任公司,1
郴州亚度智美家装饰有限公司,1
郴州聚鑫劳务有限公司,1
郴州市耐美诺电器有限公司,1
郴州诺鑫诚建筑装饰有限责任公司,1
郴州市北湖区招商广场千金大药房,1
郴州展畅贸易有限公司,1
郴州市东诚发电机维护有限公司,1
郴州天鹰有害生物防治有限公司,1
郴州市北湖区人有其宝优质稻种植农民专业合作社,1
郴州佰鑫惠商务信息咨询有限公司,1
湖南三村文化旅游开发有限公司,1
郴州市蓝盾科技有限公司,1
郴州千居装饰工程有限公司,1
郴州市惠森生态农林农民专业合作社,1
湖南省金凯园林集团有限公司郴州分公司,1
郴州俊辉建筑劳务有限公司,1
郴州市北湖区雅恒腾飞活动板房经营部,1
郴州市尚谷肉菜配送有限公司,1
郴州市苏仙区四季鲜餐饮管理有限公司,1
郴州市荣高智能经营部,1
湖南雅筑活动板房有限公司,1
郴州乾泽商贸有限公司,1
郴州市北湖区华塘镇星宇农庄,1
郴州市世腾车饰有限责任公司,1
郴州恒固保温材料科技有限公司,1
郴州_味餐饮管理有限公司,1
郴州市北湖区红星高岭山禾花鱼生态养殖专业合作社,1
郴州市佳农家庭农场,1
郴州荣盛园林工程有限公司,1
郴州市北湖区保和瑶族乡东湾果蔬种植农民专业合作社,1
郴州市耀诚工程有限公司,1
郴州桥荣劳务有限公司,1
郴州市凯程康仁大药房,1
郴州市星速网络科技有限公司,1
郴州市彭为民中西医结合诊所,1
郴州元一土方工程有限公司,1
湖南锐胜电气科技有限公司,1
郴州市艺苑园林景观工程有限公司,1
郴州市精迈文化传媒有限公司,1
郴州市凯程康康大药房,1
郴州市锋耀电子贸易有限公司,1
郴州市成秋劳务有限公司,1
郴州海蓝商贸有限公司,1
郴州市雅恒活动板房有限公司,1
郴州勇宏园林有限公司,1
郴州雄文运输有限公司,1
郴州瑞泉商贸有限责任公司,1
郴州创赢科技有限公司,1
郴州市临鸿咨询服务有限责任公司,1
郴州中畅商务信息咨询有限公司,1
郴州女神派文化传播有限公司,1
郴州上善源文化传播有限公司,1
郴州微旺信息科技有限公司,1
郴州融汇信息咨询有限公司,1
湖南省优尼科国际咨询有限公司,1
郴州市树心早教咨询有限责任公司,1
郴州市众兴房地产营销策划有限公司,1
郴州宏发云计算网络科技有限公司,1
郴州厚源商贸有限公司,1
郴州山果生态农业有限公司,1
郴州市白菜姐养生食品有限公司,1
湖南省创意爆破工程有限公司郴州分公司,1
郴州杰明义医疗器械有限公司,1
郴州酷腾舞蹈文化有限公司,1
湖南星力杨文化传播有限公司,1
郴州寰宸文化传媒有限公司,1
郴州市金钣手汽车维修服务站,1
郴州市苏仙区马头岭乡旺农种养专业合作社,1
郴州伊方佳人商贸有限公司,1
郴州市万千乐器销售有限公司,1
郴州市鑫隆物流有限公司,1
郴州云酷汽车服务有限公司,1
湖南长联汽车服务有限公司,1
湖南酷哒汽车贸易有限公司,1
郴州云哒网络服务有限公司,1
郴州市恒升电子科技有限公司,1
湖南佳荣广告装饰有限公司,1
湖南叁鼎网络科技有限公司,1
中润鼎利汽车服务(深圳)有限公司郴州分公司,1
湖南和怡农牧有限公司,1
郴州市大周建材有限公司,1
郴州茗鹿网络科技有限公司,1
郴州市恒辉建筑机械租赁有限公司,1
湖南铭锐安防工程有限责任公司,1
郴州市森祥工程有限公司,1
拉萨金钥匙物业管理有限公司郴州分公司,1
湖南田家湾香姐农产品开发有限公司,1
郴州市惠郴商贸有限公司,1
湖南点成金商务有限公司,1
湖南嘉隆网络科技有限公司,1
郴州市中贵新型材料有限公司,1
郴州环创环保有限责任公司,1
郴州市中恒世家房地产营销策划有限公司,1
湖南西奈家居装饰有限公司,1
郴州亿博银业有限公司,1
郴州市华冠苗木草皮专业合作社,1
郴州市涵熙贸易有限公司,1
通用广告注册,1
湖南佳莱广告装饰有限公司,1
湖南车必来汽车贸易有限公司,1
郴州旺源财务管理有限公司,1
郴州市今泰汽车贸易有限公司,1
永兴县板梁古村旅游发展有限公司,1
郴州市艾尚广告装饰有限公司,1
郴州瑞原商贸有限责任公司,1
郴州聚鑫宝信息科技有限公司,1
郴州市众兴时代投资管理有限公司,1
郴州市夏家亿丰种养专业合作社,1
郴州坚利工程机械有限公司,1
郴州市天任办公设备有限公司,1
郴州康源农业开发有限公司,1
郴州市蔷薇智能装饰有限公司,1
湖南玛泽服饰有限公司,1
郴州市杏源中药材种植农民专业合作社,1
郴州市苏仙区飞天山镇东东广草皮苗木专业合作社,1
郴州市北湖区鲁塘镇汇丰源水稻农民专业合作社,1
郴州市北湖区鑫源鑫农机农民专业合作社,1
郴州市苏仙区良田镇鸿贵土石方运输有限公司,1
郴州市康圆装饰有限公司,1
郴州市苏仙区五里牌镇泽辉建材店,1
郴州市金露矿业贸易有限公司,1
湖南金木水火土矿业有限公司,1
郴州市琪健二手车销售有限公司,1
郴州新启点联盟科技有限公司,1
湖南初境空间设计工程有限公司,1
郴州崇智科技有限公司,1
郴州弘讯营销咨询有限公司,1
郴州闽智校园商贸有限公司,1
郴州市淘莱特服饰有限公司,1
湖南佳族风服饰有限公司,1
郴州市龙康服饰有限公司,1
郴州高强贸易有限公司,1
郴州云上文化传播有限公司,1
郴州中汇人力资源有限公司,1
郴州市育昌校盟商贸有限公司,1
深圳市悠闲游戏科技有限公司,1
郴州市乾坤房地产公司,1
郴州仁天房地产营销策划有限公司 ,1
郴州市鑫地建设发展有限公司,1
郴州市中恒房地产经纪有限公司,1
郴州丰力科技有限公司,1
郴州市佳飞物流有限公司,1
郴州市胜润科技有限公司,1
郴州福韵通快递服务有限公司,1
郴州立新兴塑料粒厂,1
郴州市晨旭大药房,1
郴州市新蓝贸易有限公司,1
郴州市柏一照明工程有限公司,1
郴州市泰利劳务有限公司,1
郴州市柏兰广告有限公司,1
郴州悦车汇利众汽车服务有限公司,1
郴州水杯子直饮水发展有限公司,1
郴州雅尚服饰有限公司,1
郴州速腾围挡有限责任公司,1
湖南智轩信息技术有限公司,1
郴州智茗文化传播有限公司,1
郴州军鸣百货贸易有限责任公司,1
湖南柒鼎房地产经纪有限公司,1
郴州移领网络科技有限公司,1
郴州简尚阁服饰有限公司,1
湖南省云端西秦服饰有限公司,1
郴州市博勋服饰有限公司,1
郴州奥翔文体经营部,1
郴州市苏仙新三和农业种植农民专业合作社,1
郴州长信建筑劳务有限公司,1
湖南省夕颜晓月酒店管理有限公司,1
湖南公信堂药业有限公司,1
湖南至上环境发展有限公司,1
盛天建筑工程有限公司,1
郴州市共创未来劳务有限公司,1
湖南键客信息科技有限公司,1
郴州学易谦文化传播有限公司,1
郴州飞誉建材有限公司,1
天朗气新清洁服务有限公司,1
湖南省郴州市飞虹宾馆,1