北京捷越联合信息咨询有限公司郴州第一分公司,捷越联合
郴州安创仓储服务有限责任公司,安创仓储
郴州安哥弟娜服饰有限公司,安哥弟娜
郴州百分之百数码科技有限公司,百分之百
郴州百汇润泽商务咨询有限公司,百汇润泽
郴州博乐科学技术研究中心,博乐科学
郴州博祺商贸有限公司,博祺商贸
郴州锋尚文化传播有限责任公司,锋尚文化
郴州福城众体文化体育用品有限公司,福城众体
郴州富邦装饰有限公司,富邦装饰
郴州和利咨询服务有限公司,和利咨询
郴州泓盛科技有限公司,泓盛科技
郴州泓雨文化传播有限公司,泓雨文化
郴州华晟物流有限公司,华晟物流
郴州环家信息发展有限责任公司,环家信息
郴州瑶家部落生态农业有限公司,瑶家部落
郴州金洋投资有限公司,金洋投资
郴州京科广告策划有限公司,京科广告
郴州力森劳务有限公司,力森劳务
郴州林越贸易有限公司,林越贸易
郴州隆泽矿业有限公司,隆泽矿业
郴州芈姚伊服装有限公司,芈姚伊服
郴州善亿信息咨询服务有限公司,善亿信息
郴州市安旺建筑器材有限公司,安旺建筑
郴州市安阳机械设备有限公司,安阳机械
郴州市百衣百顺电子商务有限公司,百衣百顺
郴州市保发贸易有限公司,保发贸易
郴州市灵子舞蹈培训中心（卢珍珍）,灵子舞蹈
郴州市博大景观亮化工程有限公司,博大景观
郴州市昌德电机修理有限公司,昌德电机
郴州市车厘子汽车服务有限公司,车厘子汽
郴州市郴骏租赁有限公司,郴骏租赁
郴州市创艺行商业投资管理有限公司,创艺行商
郴州市慈善博爱艺术品经营管理有限公司,慈善博爱
郴州市得福电气有限公司,得福电气
郴州市恩特宏云科技有限公司,恩特宏云
郴州市福虹五金建材经营部,福虹五金
郴州市广友广告有限公司,广友广告
郴州市国旅旅行社有限责任公司,国旅旅行
郴州市国泰商务咨询有限公司,国泰商务
郴州市宏强安装工程有限责任公司,宏强安装
郴州市鸿泰物流有限责任公司,鸿泰物流
郴州市环球测绘有限责任公司,环球测绘
郴州市今天水电智能科技有限公司,今天水电
郴州市金业信息科技有限公司,金业信息
郴州新辉顺元贸易有限公司,新辉顺元
郴州市聚诚揽胜贸易有限公司,聚诚揽胜
郴州市灵子舞蹈培训中心（史华丽）,灵子舞蹈
郴州市联贺贸易有限公司,联贺贸易
郴州市绿意果蔬销售有限责任公司,绿意果蔬
郴州市美泉环保科技有限公司,美泉环保
郴州市梦银园珠宝有限公司,梦银园珠
郴州市名磊景观亮化工程有限公司,名磊景观
郴州市耐固防水有限责任公司,耐固防水
郴州市纽然贸易有限公司,纽然贸易
郴州市欧思龙表业有限公司,欧思龙表
郴州市棋一文化传播有限公司,棋一文化
郴州市润泽商务咨询有限公司,润泽商务
郴州市盛元网络科技有限公司,盛元网络
郴州市小玖物流有限公司,小玖物流
郴州市鑫光景观亮化工程有限公司,鑫光景观
郴州市阳诚科技有限公司,阳诚科技
郴州市易达物流有限公司,易达物流
郴州市益翔环境卫生服务有限公司,益翔环境
郴州市源浩汽车销售有限公司,源浩汽车
郴州市志存高毅汽车贸易有限公司,志存高毅
郴州市忠意搬运装卸服务有限责任公司,忠意搬运
郴州市自家厨房餐饮有限公司,自家厨房
郴州淞耀物业服务有限公司,淞耀物业
郴州通用围挡租赁有限公司,通用围挡
郴州微客网络科技有限公司,微客网络
郴州岩鑫信息咨询服务有限公司,岩鑫信息
郴州益企发贸易有限公司,益企发贸
郴州逸星曜影文化教育咨询有限公司,逸星曜影
郴州盈泰财务咨询有限公司,盈泰财务
郴州长乐永康养老服务有限公司,长乐永康
郴州折桂园艺有限公司,折桂园艺
郴州众体体育用品有限责任公司,众体体育
郴州众新达文化传媒有限公司,众新达文
湖南郴新生物技术有限公司,郴新生物
湖南郴州华众隆源贸易有限公司,郴州华众
湖南创力工程技术有限公司郴州分公司,创力工程
湖南高城消防实业有限公司南方分公司,高城消防
湖南勤善信 商务咨询有限公司郴州分公司,勤善信 
湖南汝神农业科技有限公司,汝神农业
湖南润丰源 水利技术服务咨询有限公司郴州分公司,润丰源 
湖南省华广劳务有限公司,华广劳务
湖南省盈天下贸易有限公司,盈天下贸
湖南天晟石油化工有限公司郴州市北湖区兴宇加油站,天晟石油
湖南西瓜吉餐饮有限公司,西瓜吉餐
湖南西瓜吉创客联盟有限公司,西瓜吉创
湖南西瓜吉企业管理有限公司,西瓜吉企
郴州子升电子商务有限公司,子升电子
上海一嗨汽车租赁有限公司郴州分公司,一嗨汽车
宜章县天将企业管理咨询有限公司,天将企业
郴州市嘉敬贸易有限公司,嘉敬贸易
郴州志诚建筑装饰有限公司,志诚建筑
郴州市家豪住宅建设有限公司,家豪住宅
郴州市腾建建筑设备安装有限公司,腾建建筑
郴州市龙门投资咨询服务有限公司,龙门投资
郴州微联网络信息有限公司,微联网络
郴州市洁众保洁服务有限公司,洁众保洁
广东豫德物业服务发展有限公司郴州分公司,豫德物业
郴州市中月 贸易有限公司,中月 
郴州市迪比鑫电子商务有限公司,迪比鑫电
郴州市琼泰新能源电动汽车租赁有限公司,琼泰新能
郴州市逆天广告传播有限公司,逆天广告
郴州市安福殡葬服务有限公司,安福殡葬
郴州市长旺工程机械有限公司,长旺工程
郴州伊莎贝拉文化传播有限责任公司,伊莎贝拉
郴州民沃交通事故咨询服务有限公司,民沃交通
郴州宇丰装饰有限公司,宇丰装饰
郴州芮湘劳务有限公司,芮湘劳务
郴州市海燕商贸有限公司,海燕商贸
郴州市蓝天综合物流仓储有限公司,蓝天综合
桂阳县诚信技术服务有限责任公司,诚信技术
郴州市勃爵贸易有限公司,勃爵贸易
郴州东旭建筑有限公司,东旭建筑
郴州市卡盾服装贸易有限公司,卡盾服装
郴州市酷雅贸易有限公司,酷雅贸易
郴州市美酷尚服装贸易有限公司,美酷尚服
郴州米联文化科技有限公司,米联文化
郴州市乐创网络科技有限公司,乐创网络
郴州市楚邑文化传播有限公司,楚邑文化
郴州慧博装饰设计工程有限公司,慧博装饰
湖南和先农业发展有限公司,和先农业
郴州市卓悦星 企业管理咨询有限公司,卓悦星 
郴州市田池洞禾花鱼养殖农民专业合作社,田池洞禾
郴州市福地餐饮管理有限公司,福地餐饮
郴州市平康药房,平康药房
郴州市卓慧教育咨询有限公司,卓慧教育
郴州市净之蓝贸易有限公司,净之蓝贸
郴州柏林家庭服务有限公司,柏林家庭
郴州中十冶 集团有限公司,中十冶 
郴州博智文化科技有限公司,博智文化
郴州市思科电子商务有限公司,思科电子
湖南佰佳诚项目管理有限公司,佰佳诚项
湖南鸿达兴现代农业科技开发有限公司,鸿达兴现
湖南至学教育科技有限公司郴州分公司,至学教育
湖南拓天工程项目管理有限公司郴州分公司,拓天工程
郴州艾佳美服饰有限公司,艾佳美服
湖南园冶工程设计有限责任公司,园冶工程
郴州达康运输有限公司,达康运输
郴州市易点网络科技有限公司,易点网络
郴州市淘之云电子商务有限公司,淘之云电
郴州瑞诚文化传播有限公司,瑞诚文化
郴州自由鸟服装有限公司,自由鸟服
郴州市N鸿金属回收有限公司,N鸿金属
郴州多创科技有限公司,多创科技
湖南德福宝电器有限公司,德福宝电
郴州创泰科技有限公司,创泰科技
郴州雄喜广告有限公司,雄喜广告
郴州市聚成企业管理咨询有限公司,聚成企业
郴州市德大成健康管理有限公司,德大成健
郴州鑫路劳务有限公司,鑫路劳务
郴州市王辉基础建设工程有限公司,王辉基础
郴州市铁人泵业有限公司,铁人泵业
郴州市千群进出口贸易有限公司,千群进出
郴州金世泽 信息咨询服务(北京)有限公司郴州分公司,金世泽 
湖南飞天山建设工程有限公司,飞天山建
郴州市苏永生态农业发展有限公司,苏永生态
郴州市晨实装饰有限公司,晨实装饰
郴州市昊泽贸易有限公司,昊泽贸易
郴州十八珠宝科技有限公司,十八珠宝
郴州市万达仓储有限责任公司,万达仓储
郴州市红花种植农民专业合作社,红花种植
郴州市舞魅文化传媒有限公司,舞魅文化
湖南校企助手网络科技有限公司,校企助手
郴州市国安电子科技有限公司,国安电子
郴州云鹭信息技术有限责任公司,云鹭信息
郴州杰威贸易有限公司,杰威贸易
郴州市东松体育工程有限责任公司,东松体育
郴州市竹海堂 大药房五岭分店,竹海堂 
郴州市恩贝儿母婴护理服务有限公司,恩贝儿母
郴州市宏基印务部,宏基印务
湖南爱无尽婚旅服务有限公司,爱无尽婚
郴州市福鹏网络科技有限公司,福鹏网络
郴州海川人力资源有限公司,海川人力
郴州中瑞汽车销售有限公司,中瑞汽车
郴州亿鼎矿业有限公司,亿鼎矿业
永兴县富兴涂料有限责任公司,富兴涂料
湖南天绿园林有限公司,天绿园林
郴州市畅盈信息技术服务有限公司,畅盈信息
湖南国君亮贸易有限公司,国君亮贸
湖南雅晟建设工程有限公司,雅晟建设
郴州市红太阳光能科技有限公司,红太阳光
郴州市悦诚智达汽车销售有限公司,悦诚智达
湖南舜妃通天玉贸易有限责任公司,舜妃通天
郴州亚度智美家装饰有限公司,亚度智美
郴州聚鑫劳务有限公司,聚鑫劳务
郴州市耐美诺电器有限公司,耐美诺电
郴州诺鑫诚建筑装饰有限责任公司,诺鑫诚建
郴州市招商广场千金大药房,招商广场
郴州展畅贸易有限公司,展畅贸易
郴州市东诚发电机维护有限公司,东诚发电
郴州天鹰有害生物防治有限公司,天鹰有害
郴州市人有其宝优质稻种植农民专业合作社,人有其宝
郴州佰鑫惠商务信息咨询有限公司,佰鑫惠商
湖南三村文化旅游开发有限公司,三村文化
郴州市蓝盾科技有限公司,蓝盾科技
郴州千居装饰工程有限公司,千居装饰
郴州市惠森生态农林农民专业合作社,惠森生态
湖南省金凯园林集团有限公司郴州分公司,金凯园林
郴州俊辉建筑劳务有限公司,俊辉建筑
郴州市雅恒腾飞活动板房经营部,雅恒腾飞
郴州市尚谷肉菜配送有限公司,尚谷肉菜
郴州市四季鲜餐饮管理有限公司,四季鲜餐
郴州市荣高智能经营部,荣高智能
湖南雅筑活动板房有限公司,雅筑活动
郴州乾泽商贸有限公司,乾泽商贸
郴州市星宇农庄,星宇农庄
郴州市世腾车饰有限责任公司,世腾车饰
郴州恒固保温材料科技有限公司,恒固保温
郴州味餐饮管理有限公司,味餐饮
郴州市红星高岭山禾花鱼生态养殖专业合作社,红星高岭
郴州市佳农家庭农场,佳农家庭
郴州荣盛园林工程有限公司,荣盛园林
郴州市东湾果蔬种植农民专业合作社,东湾果蔬
郴州市耀诚工程有限公司,耀诚工程
郴州桥荣劳务有限公司,桥荣劳务
郴州市凯程康仁大药房,凯程康仁
郴州市星速网络科技有限公司,星速网络
郴州市彭为民中西医结合诊所,彭为民中
郴州元一土方工程有限公司,元一土方
湖南锐胜电气科技有限公司,锐胜电气
郴州市艺苑园林景观工程有限公司,艺苑园林
郴州市精迈文化传媒有限公司,精迈文化
郴州市凯程康康大药房,凯程康康
郴州市锋耀电子贸易有限公司,锋耀电子
郴州市成秋劳务有限公司,成秋劳务
郴州海蓝商贸有限公司,海蓝商贸
郴州市雅恒活动板房有限公司,雅恒活动
郴州勇宏园林有限公司,勇宏园林
郴州雄文运输有限公司,雄文运输
郴州瑞泉商贸有限责任公司,瑞泉商贸
郴州创赢科技有限公司,创赢科技
郴州市临鸿咨询服务有限责任公司,临鸿咨询
郴州中畅商务信息咨询有限公司,中畅商务
郴州女神派文化传播有限公司,女神派文
郴州上善源文化传播有限公司,上善源文
郴州微旺信息科技有限公司,微旺信息
郴州融汇信息咨询有限公司,融汇信息
湖南省优尼科 国际咨询有限公司,优尼科 
郴州市树心早教咨询有限责任公司,树心早教
郴州市众兴房产营销策划有限公司,众兴房产
郴州宏发云计算网络科技有限公司,宏发云计
郴州厚源商贸有限公司,厚源商贸
郴州山果生态农业有限公司,山果生态
郴州市白菜姐养生食品有限公司,白菜姐养
湖南省创意爆破工程有限公司郴州分公司,创意爆破
郴州杰明义医疗器械有限公司,杰明义医
郴州酷腾舞蹈文化有限公司,酷腾舞蹈
湖南星力杨文化传播有限公司,星力杨文
郴州寰宸文化传媒有限公司,寰宸文化
郴州市金钣手汽车维修服务站,金钣手汽
郴州市旺农种养专业合作社,旺农种养
郴州伊方佳人商贸有限公司,伊方佳人
郴州市万千乐器销售有限公司,万千乐器
郴州市鑫隆物流有限公司,鑫隆物流
郴州云酷汽车服务有限公司,云酷汽车
湖南长联汽车服务有限公司,长联汽车
湖南酷哒汽车贸易有限公司,酷哒汽车
郴州云哒网络服务有限公司,云哒网络
郴州市恒升电子科技有限公司,恒升电子
湖南佳荣广告装饰有限公司,佳荣广告
湖南叁鼎网络科技有限公司,叁鼎网络
郴州中润鼎利汽车服务(深圳)有限公司郴州分公司,中润鼎利
湖南和怡农牧有限公司,和怡农牧
郴州市大周建材有限公司,大周建材
郴州茗鹿网络科技有限公司,茗鹿网络
郴州市恒辉建筑机械租赁有限公司,恒辉建筑
湖南铭锐安防工程有限责任公司,铭锐安防
郴州市森祥工程有限公司,森祥工程
拉萨金钥匙物业管理有限公司郴州分公司,金钥匙物
湖南田家湾香姐农产品开发有限公司,田家湾香
郴州市惠郴商贸有限公司,惠郴商贸
湖南点成金商务有限公司,点成金商
湖南嘉隆网络科技有限公司,嘉隆网络
郴州市中贵新型材料有限公司,中贵新型
郴州环创环保有限责任公司,环创环保
郴州市中恒世家房地产营销策划有限公司,中恒世家
湖南西奈家居装饰有限公司,西奈家居
郴州亿博银业有限公司,亿博银业
郴州市华冠苗木草皮专业合作社,华冠苗木
郴州市涵熙贸易有限公司,涵熙贸易
郴州通用广告注册,通用广告
湖南佳莱广告装饰有限公司,佳莱广告
湖南车必来汽车贸易有限公司,车必来汽
郴州旺源财务管理有限公司,旺源财务
郴州市今泰汽车贸易有限公司,今泰汽车
永兴县板梁古村旅游发展有限公司,板梁古村
郴州市艾尚广告装饰有限公司,艾尚广告
郴州瑞原商贸有限责任公司,瑞原商贸
郴州聚鑫宝信息科技有限公司,聚鑫宝信
郴州市众兴时代投资管理有限公司,众兴时代
郴州市夏家亿丰种养专业合作社,夏家亿丰
郴州坚利工程机械有限公司,坚利工程
郴州市天任办公设备有限公司,天任办公
郴州康源农业开发有限公司,康源农业
郴州市蔷薇智能装饰有限公司,蔷薇智能
湖南玛泽服饰有限公司,玛泽服饰
郴州市杏源中药材种植农民专业合作社,杏源中药
郴州市东东广草皮苗木专业合作社,东东广草
郴州市汇丰源水稻农民专业合作社,汇丰源水
郴州市鑫源鑫农机农民专业合作社,鑫源鑫农
郴州市鸿贵土石方运输有限公司,鸿贵土石
郴州市康圆装饰有限公司,康圆装饰
郴州市泽辉建材店,泽辉建材
郴州市金露矿业贸易有限公司,金露矿业
湖南金木水火土矿业有限公司,金木水火
郴州市琪健二手车销售有限公司,琪健二手
郴州新启点联盟科技有限公司,新启点联
湖南初境空间设计工程有限公司,初境空间
郴州崇智科技有限公司,崇智科技
郴州弘讯营销咨询有限公司,弘讯营销
郴州闽智校园商贸有限公司,闽智校园
郴州市淘莱特服饰有限公司,淘莱特服
湖南佳族风服饰有限公司,佳族风服
郴州市龙康服饰有限公司,龙康服饰
郴州高强贸易有限公司,高强贸易
郴州云上文化传播有限公司,云上文化
郴州中汇人力资源有限公司,中汇人力
郴州市育昌校盟商贸有限公司,育昌校盟
深圳市悠闲游戏科技有限公司,悠闲游戏
郴州市乾坤房产公司,乾坤房产
郴州仁天房产营销策划有限公司 ,仁天房产
郴州市鑫地建设发展有限公司,鑫地建设
郴州市中恒房产经纪有限公司,中恒房产
郴州丰力科技有限公司,丰力科技
郴州市佳飞物流有限公司,佳飞物流
郴州市胜润科技有限公司,胜润科技
郴州福韵通 快递服务有限公司,福韵通 
郴州立新兴塑料粒厂,立新兴塑
郴州市晨旭大药房,晨旭大药
郴州市新蓝贸易有限公司,新蓝贸易
郴州市柏一照明工程有限公司,柏一照明
郴州市泰利劳务有限公司,泰利劳务
郴州市柏兰广告有限公司,柏兰广告
郴州悦车汇利众汽车服务有限公司,悦车汇利
郴州水杯子直饮水发展有限公司,水杯子直
郴州雅尚服饰有限公司,雅尚服饰
郴州速腾围挡有限责任公司,速腾围挡
湖南智轩信息技术有限公司,智轩信息
郴州智茗文化传播有限公司,智茗文化
郴州军鸣百货贸易有限责任公司,军鸣百货
湖南柒鼎房地产经纪有限公司,柒鼎房地
郴州移领网络科技有限公司,移领网络
郴州简尚阁服饰有限公司,简尚阁服
湖南省云端西秦服饰有限公司,云端西秦
郴州市博勋服饰有限公司,博勋服饰
郴州奥翔文体经营部,奥翔文体
郴州市新三和 农业种植农民专业合作社,新三和 
郴州长信建筑劳务有限公司,长信建筑
湖南省夕颜晓月酒店管理有限公司,夕颜晓月
湖南公信堂药业有限公司,公信堂药
湖南至上环境发展有限公司,至上环境
郴州盛天建筑工程有限公司,盛天建筑
郴州市共创未来劳务有限公司,共创未来
湖南键客信息科技有限公司,键客信息
郴州学易谦文化传播有限公司,学易谦文
郴州飞誉建材有限公司,飞誉建材
郴州天朗气新清洁服务有限公司,天朗气新
郴州飞虹宾馆,飞虹宾馆
